Numeric,Analytic
0.0842243,0.493285
